"filename","category","source_dataset","file_type"
"BERKELEYLIGHTS,INC_06_26_2020-EX-10.12-COLLABORATION AGREEMENT.PDF","Collaboration","CUAD","PDF"
"FOUNDATIONMEDICINE,INC_02_02_2015-EX-10.2-Collaboration Agreement.PDF","Collaboration","CUAD","PDF"
"MACROGENICSINC_08_02_2013-EX-10-COLLABORATION AGREEMENT.PDF","Collaboration","CUAD","PDF"
"CORALGOLDRESOURCES,LTD_05_28_2020-EX-4.1-CONSULTING AGREEMENT.PDF","Consulting","CUAD","PDF"
"DRIVENDELIVERIES,INC_05_22_2020-EX-10.4-CONSULTING AGREEMENT.PDF","Consulting","CUAD","PDF"
"KIROMICBIOPHARMA,INC_05_11_2020-EX-10.23-CONSULTING AGREEMENT.PDF","Consulting","CUAD","PDF"
"AimmuneTherapeuticsInc_20200205_8-K_EX-10.3_11967170_EX-10.3_Development Agreement.pdf","Development","CUAD","PDF"
"FuelcellEnergyInc_20191106_8-K_EX-10.1_11868007_EX-10.1_Development Agreement.pdf","Development","CUAD","PDF"
"RevolutionMedicinesInc_20200117_S-1_EX-10.1_11948417_EX-10.1_Development Agreement.pdf","Development","CUAD","PDF"
"CerenceInc_20191002_8-K_EX-10.4_11827494_EX-10.4_Intellectual Property Agreement.pdf","Intellectual Property","CUAD","PDF"
"GarrettMotionInc_20181001_8-K_EX-2.4_11364532_EX-2.4_Intellectual Property Agreement.pdf","Intellectual Property","CUAD","PDF"
"PREMIERBIOMEDICALINC_05_14_2020-EX-10.2-INTELLECTUAL PROPERTY AGREEMENT.PDF","Intellectual Property","CUAD","PDF"
"ArconicRolledProductsCorp_20191217_10-12B_EX-2.7_11923804_EX-2.7_Trademark License Agreement.pdf","License","CUAD","PDF"
"ArtaraTherapeuticsInc_20200110_8-K_EX-10.5_11943350_EX-10.5_License Agreement.pdf","License","CUAD","PDF"
"VirtuosoSurgicalInc_20191227_1-A_EX1A-6 MAT CTRCT_11933379_EX1A-6 MAT CTRCT_License Agreement.pdf","License","CUAD","PDF"
"AtnInternationalInc_20191108_10-Q_EX-10.1_11878541_EX-10.1_Maintenance Agreement.pdf","Maintenance","CUAD","PDF"
"BloomEnergyCorp_20180321_DRSA (on S-1)_EX-10_11240356_EX-10_Maintenance Agreement.pdf","Maintenance","CUAD","PDF"
"HerImports_20161018_8-KA_EX-10.14_9765707_EX-10.14_Maintenance Agreement.pdf","Maintenance","CUAD","PDF"
"EmmisCommunicationsCorp_20191125_8-K_EX-10.6_11906433_EX-10.6_Marketing Agreement.pdf","Marketing","CUAD","PDF"
"Loop Industries, Inc. - Marketing Agreement.PDF","Marketing","CUAD","PDF"
"SightLife Surgical, Inc. - STRATEGIC SALES _ MARKETING AGREEMENT.PDF","Marketing","CUAD","PDF"
"GpaqAcquisitionHoldingsInc_20200123_S-4A_EX-10.8_11951679_EX-10.8_Service Agreement.pdf","Service","CUAD","PDF"
"OAKTREECAPITALGROUP,LLC_03_02_2020-EX-10.8-Services Agreement.PDF","Service","CUAD","PDF"
"PAXMEDICA,INC_07_02_2020-EX-10.12-Master Service Agreement.PDF","Service","CUAD","PDF"
"ENERGOUSCORP_03_16_2017-EX-10.24-STRATEGIC ALLIANCE AGREEMENT.PDF","Strategic Alliance","CUAD","PDF"
"REWALKROBOTICSLTD_07_10_2014-EX-10.2-STRATEGIC ALLIANCE AGREEMENT.PDF","Strategic Alliance","CUAD","PDF"
"ROCKYMOUNTAINCHOCOLATEFACTORY,INC_12_23_2019-EX-10.2-STRATEGIC ALLIANCE AGREEMENT.PDF","Strategic Alliance","CUAD","PDF"
"ReynoldsConsumerProductsInc_20191115_S-1_EX-10.18_11896469_EX-10.18_Supply Agreement.pdf","Supply","CUAD","PDF"
"SEASPINEHOLDINGSCORP_10_10_2018-EX-10.1-SUPPLY AGREEMENT.PDF","Supply","CUAD","PDF"
"VAXCYTE,INC_05_22_2020-EX-10.19-SUPPLY AGREEMENT.PDF","Supply","CUAD","PDF"
